{
	"defaultSeverity": "warning",
	"extends": [
		"tslint-react"
	],
	"rules": {
		"no-duplicate-variable": true,
		"no-var-keyword": true,
		"member-access": true,
		"member-ordering": [
			true,
			{
				"order": "fields-first"
			}
		],
		"no-reference": true,
		"no-var-requires": true,
		"only-arrow-functions": [
			true,
			"allow-declarations",
			"allow-named-functions"
		],
		"prefer-for-of": true,
		"await-promise": false,
		"ban-comma-operator": true,
		"no-conditional-assignment": true,
		"no-duplicate-super": true,
		"no-eval": true,
		"no-floating-promises": true,
		"no-for-in-array": true,
		"no-invalid-template-strings": true,
		"no-return-await": true,
		"no-shadowed-variable": true,
		"no-string-literal": true,
		"no-string-throw": true,
		"no-this-assignment": [
			true,
			{
				"allow-destructuring": true
			}
		],
		"no-unused-expression": [
			true,
			"allow-fast-null-checks",
			"allow-new"
		],
		"prefer-object-spread": true,
		"triple-equals": true,
		"use-isnan": true,
		"curly": true,
		"class-name": true,
		"semicolon": false,
		"no-trailing-whitespace": true,
		"ordered-imports": [
			true
		],
		"quotemark": [
			true,
			"single",
			"avoid-escape"
		],
		"eofline": true,
		"indent": [
			true,
			"spaces",
			4
		],
		"prefer-const": [
			true,
			{
				"destructuring": "all"
			}
		],
		"prefer-method-signature": true,
		"jsx-self-close": true,
		"jsx-no-multiline-js": false,
		"jsx-wrap-multiline": false,
		"jsx-no-lambda": false,
		"jsx-alignment": false,
		"jsx-curly-spacing": false
	}
}
